{"cameraMode":{"drawMode":0,"name":"Shaded","section":"Shading Mode"},"sceneLighting":true,"audioPlay":false,"sceneViewState":{"m_AlwaysRefresh":false,"showFog":false,"showSkybox":false,"showFlares":false,"showImageEffects":true,"showParticleSystems":true,"showVisualEffectGraphs":true,"m_FxEnabled":false},"in2DMode":false,"pivot":{"x":547.1167602539063,"y":177.2385711669922,"z":-10.471092224121094},"rotation":{"x":0.028609860688447954,"y":0.11668194830417633,"z":-0.003359669353812933,"w":0.9927608966827393},"size":3.324744939804077,"orthographic":false}